{"1.0": 4.268777292576423, "1.1": 4.303842794759827, "1.2": 4.333930131004369, "1.3": 4.383100436681229, "1.4": 4.417336244541492, "1.5": 4.47947598253276}