{"1.0": 3.333580786026205, "1.1": 3.3620524017467233, "1.2": 3.387991266375546, "1.3": 3.44410480349345, "1.4": 3.4677729257642, "1.5": 3.5309170305676827}