{"1.0": 4.826593886462877, "1.1": 4.812882096069851, "1.2": 4.807161572052406, "1.3": 4.809344978165941, "1.4": 4.815982532751095, "1.5": 4.821397379912662}