{"1.0": 6.007161572052386, "1.1": 5.992794759825318, "1.2": 5.9855895196506665, "1.3": 5.9845851528384335, "1.4": 5.997816593886473, "1.5": 6.000698689956332}