{"1.0": 3.049607158446089, "1.1": 3.0942189242931253, "1.2": 3.1357970803627686, "1.3": 3.1611802221252305, "1.4": 3.197051263397842, "1.5": 3.2489099859353088, "1.6": 3.2709842863378458, "1.7": 3.3001709588243866, "1.8": 3.3236444541442425, "1.9": 3.320215577865077, "2.0": 3.3647218584800402}