{"1.0": 2.2251418594500225, "1.1": 2.255162714001651, "1.2": 2.291245938212327, "1.3": 2.3068504777147254, "1.4": 2.338226878122117, "1.5": 2.38144066152578}