{"1.0": 4.860567685589521, "1.1": 4.986277292576422, "1.2": 5.15619602134885, "1.3": 5.383993207180989, "1.4": 5.608384279475976, "1.5": 5.925143134400786}