{"1.0": 5.8571740486587744, "1.1": 5.974104803493462, "1.2": 6.153580786026208, "1.3": 6.383207180980133, "1.4": 6.617379912663758, "1.5": 6.926991751576878}