{"1.0": 12.363930131004341, "1.1": 12.372882096069873, "1.2": 12.648384279475984, "1.3": 12.75104803493452, "1.4": 12.808471615720519, "1.5": 13.22829694323143}