{"1.0": 11.022321428571429, "1.1": 11.466071428571427, "1.2": 11.540133928571425, "1.3": 12.093482142857157, "1.4": 12.654374999999973, "1.5": 13.38665178571429}