{"1.0": 12.36026785714286, "1.1": 12.828035714285706, "1.2": 12.929151785714307, "1.3": 13.518214285714262, "1.4": 14.108437499999994, "1.5": 14.869419642857153}