{"1.0": 11.298864628820963, "1.1": 11.313231441048025, "1.2": 11.579475982532745, "1.3": 11.688078602620081, "1.4": 11.739432314410486, "1.5": 12.155327510917012}