{"1.0": 10.980436681222706, "1.1": 10.98812227074236, "1.2": 11.236288209606998, "1.3": 11.432882096069868, "1.4": 11.812008733624468, "1.5": 12.214104803493443}