{"1.0": 13.851965065502188, "1.1": 13.924235807860253, "1.2": 14.023711790393012, "1.3": 14.322401746724914, "1.4": 14.502794759825344, "1.5": 14.861965065502218}