{"1.0": 10.189912663755484, "1.1": 10.185633187772915, "1.2": 10.436550218340605, "1.3": 10.618689956331885, "1.4": 10.991004366812241, "1.5": 11.376069868995623}