{"1.0": 14.900436681222684, "1.1": 14.956288209606987, "1.2": 15.055196506550224, "1.3": 15.345633187772926, "1.4": 15.516419213973805, "1.5": 15.865938864628847}