{
    "1.0": 0.9227587115248764,
    "1.1": 0.9148140618746233,
    "1.2": 0.9072840878638111,
    "1.3": 0.8973675114875063,
    "1.4": 0.8919609500819866,
    "1.5": 0.8812302469040467
}