{
    "1.0": 0.9166830761688904,
    "1.1": 0.9121911106248056,
    "1.2": 0.9058197199823206,
    "1.3": 0.9001469593601757,
    "1.4": 0.8914619277898476,
    "1.5": 0.8835293604282086
}