{
    "1.0": 0.9058175787889242,
    "1.1": 0.9006428153518374,
    "1.2": 0.8958757134586521,
    "1.3": 0.8913626153146744,
    "1.4": 0.8867183619028399,
    "1.5": 0.88267616278485,
    "1.6": 0.8784407666789913, 
    "1.7": 0.8760530956437955, 
    "1.8": 0.8731307111608255, 
    "1.9": 0.8718776757104619, 
    "2.0": 0.8706392282550696
}