{
    "1.0": 0.7248307190998213,
    "1.1": 0.6942279974682606,
    "1.2": 0.6710728270552726,
    "1.3": 0.643827406836822,
    "1.4": 0.6121234208305874,
    "1.5": 0.5841547951506715
}