{
    "1.0": 0.8192283000621228,
    "1.1": 0.805627322663015,
    "1.2": 0.785422051181288,
    "1.3": 0.766479534400082,
    "1.4": 0.7500941283987246,
    "1.5": 0.7315884668308162
}