{
    "1.0": 0.9196781216864017,
    "1.1": 0.9119189332454517,
    "1.2": 0.907110103105873,
    "1.3": 0.9007089041594206,
    "1.4": 0.893669044282377,
    "1.5": 0.8861965405915082
}