{
    "1.0": 0.8970264297697201,
    "1.1": 0.8894086184941351,
    "1.2": 0.8832447347130986,
    "1.3": 0.8767127756490625,
    "1.4": 0.8687786361542955,
    "1.5": 0.8600345070539369
}