{
    "1.0": 0.9012687070076052,
    "1.1": 0.8945912888560008,
    "1.2": 0.886848410201826,
    "1.3": 0.8786606758697008,
    "1.4": 0.8711138201078272,
    "1.5": 0.8632519536776179
}