{"1.0": 0.7548871380198909, "1.1": 0.7560525969770954, "1.2": 0.7548937942446765, "1.3": 0.7548113809508485, "1.4": 0.7527296332047032, "1.5": 0.7512517203061382}