{"1.0": 0.8383409723206359, "1.1": 0.8367970913646576, "1.2": 0.8341396457579915, "1.3": 0.8317051408658255, "1.4": 0.8300633729878393, "1.5": 0.8265932676039522}