{"1.0": 0.8602895664379651, "1.1": 0.8589286463888457, "1.2": 0.8580906710344032, "1.3": 0.8564639571240776, "1.4": 0.854955179787329, "1.5": 0.8535434654885156}