{"1.0": 0.8602895664379651, "1.1": 0.8589286463888457, "1.2": 0.8580906710344032, "1.3": 0.8564639571240776, "1.4": 0.854955179787329, "1.5": 0.8535434654885156, "1.6": 0.8515332886017176, "1.7": 0.8506048050025267, "1.8": 0.8495223051299486, "1.9": 0.8484726625485316, "2.0": 0.8488776188925526}