{"1.0": 0.8602895777247704, "1.1": 0.8589286575924483, "1.2": 0.8580906827782665, "1.3": 0.8564639683485888, "1.4": 0.8549551915141248, "1.5": 0.8535434765317629}