{"1.0": 0.6544875953231185, "1.1": 0.6454793357993689, "1.2": 0.6350254424138563, "1.3": 0.6238613963528422, "1.4": 0.6090860343398931, "1.5": 0.5954277646473315}