{"1.0": 0.8149322370107904, "1.1": 0.8137530729676072, "1.2": 0.8132899822327251, "1.3": 0.8130208466094655, "1.4": 0.8111285356334584, "1.5": 0.8096175198562789}