{"1.0": 0.7701880293449235, "1.1": 0.7651344743509872, "1.2": 0.7584439351360627, "1.3": 0.7504495881364388, "1.4": 0.7445408702956051, "1.5": 0.7352315914609667}