{"1.0": 0.8085938015606193, "1.1": 0.8069803665133451, "1.2": 0.8063343621165735, "1.3": 0.8057766203006396, "1.4": 0.8036645188856066, "1.5": 0.8020767966866094}