{"1.0": 0.8058229583374941, "1.1": 0.8066957183185479, "1.2": 0.8071272689488004, "1.3": 0.8076835867139514, "1.4": 0.8069040661594763, "1.5": 0.8069480106729077}