{"1.0": 0.8307225242096051, "1.1": 0.8301921813892745, "1.2": 0.8286396505593364, "1.3": 0.8265460070406431, "1.4": 0.8241367499492899, "1.5": 0.8219024561909859}