{"1.0": 0.7654002327088048, "1.1": 0.7663496897201655, "1.2": 0.7655861728479366, "1.3": 0.7655305047192733, "1.4": 0.7632923466165026, "1.5": 0.7617119889793824}