{"1.0": 0.8423548919339889, "1.1": 0.8410090725154181, "1.2": 0.8389355301970068, "1.3": 0.8370167871775703, "1.4": 0.8359408645311933, "1.5": 0.8328019924344304}