{"1.0": 0.6548003023689801, "1.1": 0.6458821985512311, "1.2": 0.6354590718332666, "1.3": 0.6243449125055839, "1.4": 0.6097103708903968, "1.5": 0.5960731045620145}