{"1.0": 0.7982836393894852, "1.1": 0.7985202517741117, "1.2": 0.798814241893296, "1.3": 0.7982365466023121, "1.4": 0.7970638590953482, "1.5": 0.796157230680166}