{"1.0": 0.8112530378140015, "1.1": 0.80939047360565, "1.2": 0.8081217531441783, "1.3": 0.8054302057396929, "1.4": 0.8027195025643727, "1.5": 0.7995693607065484}